"Title","Company","City","State","Zipcode","PostedDateText","PostedDate","Job Type","Year Founded","Company Size","Website","Job Link"
"SEM Director - SEM, Google Ads, Google Analytics","CyberCoders","Scottsdale","AZ","","11 days ago","2020-04-19T12:00","Full Time, Employee","1999","100 to 499 employees","http://www.cybercoders.com","https://job-openings.monster.com/sem-director-sem-google-ads-google-analytics-scottsdale-az-us-cybercoders/217480060"
"Splunk/Grafana Engineer","CIT Business Services","Phoenix","AZ","85027","8 days ago","2020-04-22T12:00","Full Time, Temporary/Contract/Project","","","","https://job-openings.monster.com/splunk-grafana-engineer-phoenix-az-us-cit-business-services/217445592"
"Sales Professional","Empower Associates","Scottsdale","AZ","85253","15 days ago","2020-04-15T12:00","Full Time, Employee","","","","https://job-openings.monster.com/sales-professional-scottsdale-az-us-empower-associates/217304517"
"Digital Marketing Analyst Lead","NTT DATA Services","Phoenix","AZ","","8 days ago","2020-04-22T12:00","Full Time, Employee","1965","10,000 employees or more","http://www.nttdata.com/americas","https://job-openings.monster.com/digital-marketing-analyst-lead-phoenix-az-us-ntt-data-services/217451131"
"Paid Marketing & SEO Manager","Webgility","Scottsdale","AZ","85251","+30 days ago","2020-02-10T12:00","","","","","https://job-openings.monster.com/paid-marketing-seo-manager-scottsdale-az-us-webgility/ce89a9fd-2d95-4a6b-ba4e-ace37cb9102d"
"Search Engine Marketing Specialist - Tempe, AZ","ASU Foundation","Tempe","AZ","","+30 days ago","2019-10-21T12:00","","","","","https://job-openings.monster.com/search-engine-marketing-specialist-tempe-az-tempe-az-us-asu-foundation/ccff29ef-7364-4822-b194-ab8154d80bda"
"Digital Marketing Analyst","NTT DATA Services","Phoenix","AZ","","10 days ago","2020-04-20T12:00","Full Time, Employee","1965","10,000 employees or more","http://www.nttdata.com/americas","https://job-openings.monster.com/digital-marketing-analyst-phoenix-az-us-ntt-data-services/217401757"
"SEO Director - SEO, Backlink","CyberCoders","Scottsdale","AZ","","+30 days ago","2020-02-19T12:00","","1999","100 to 499 employees","http://www.cybercoders.com","https://job-openings.monster.com/seo-director-seo-backlink-scottsdale-az-us-cybercoders/75eceb26-4396-45b2-93a4-646491f93765"
"PPC Director - Paid Search, Paid Social","CyberCoders","Scottsdale","AZ","","+30 days ago","2020-02-19T12:00","","1999","100 to 499 employees","http://www.cybercoders.com","https://job-openings.monster.com/ppc-director-paid-search-paid-social-scottsdale-az-us-cybercoders/ae1d1eb7-4bb4-4420-abfd-cac9ac18ae30"
"Customer Service Representative (SEO Optmization)","Majorel USA Inc","Chandler","AZ","85226","Posted today","2020-04-30T12:00","","","","","https://job-openings.monster.com/customer-service-representative-seo-optmization-chandler-az-us-majorel-usa-inc/be31b609-9866-4ce2-971a-ede246ebc668"
"Senior UX Content Strategist","GoDaddy","Scottsdale","AZ","","+30 days ago","2020-02-22T12:00","","","","","https://job-openings.monster.com/senior-ux-content-strategist-scottsdale-az-us-godaddy/95d3b2f0-ecbc-435e-bc15-6f40d9680501"
"Quantum Marketing Digital Strategist (Austin,TX NYC, NY Yorktown, NY)","IBM","Phoenix","AZ","","24 days ago","2020-04-06T12:00","","1911","10,000 employees or more","http://www-03.ibm.com/employment/us/","https://job-openings.monster.com/quantum-marketing-digital-strategist-austin-tx-nyc-ny-yorktown-ny-phoenix-az-us-ibm/c516378b-cd11-4b8b-9daf-27ee6797287a"
"Digital Marketing Coordinator - Great for account manager rockstar looking to transition to digital marketing! (Phoenix Only!)","Ylopo","Phoenix","AZ","85012","+30 days ago","2020-03-06T12:00","","","","","https://job-openings.monster.com/digital-marketing-coordinator-great-for-account-manager-rockstar-looking-to-transition-to-digital-marketing-phoenix-only-phoenix-az-us-ylopo/1b302750-c9b3-471d-995a-58086921e057"
"Digital Ad Operations Spec","Artech Information Systems LLC","Phoenix","AZ","","+30 days ago","2020-02-25T12:00","","1992","5,000 to 9,999 employees","http://www.artech.com","https://job-openings.monster.com/digital-ad-operations-spec-phoenix-az-us-artech-information-systems-llc/6175a688-c133-4067-ac3e-dbc901590eff"
"Digital Media Buyer","CyberCoders","Phoenix","AZ","","+30 days ago","2020-02-19T12:00","","1999","100 to 499 employees","http://www.cybercoders.com","https://job-openings.monster.com/digital-media-buyer-phoenix-az-us-cybercoders/b55e2add-b35f-44b7-8c48-90cf36d24944"
"Digital Strategist","IBM","Phoenix","AZ","","+30 days ago","2020-02-19T12:00","","1911","10,000 employees or more","http://www-03.ibm.com/employment/us/","https://job-openings.monster.com/digital-strategist-phoenix-az-us-ibm/ad77d02a-6448-4a33-a5b2-8cd795bdbf5f"
"Videographer / Video Editor","Swift Touch Concept","Phoenix","AZ","85001","10 days ago","2020-04-20T12:00","","","","","https://job-openings.monster.com/videographer-video-editor-phoenix-az-us-swift-touch-concept/e70fb1b0-d4fd-410b-8d34-a054fa9d1522"
"Account Manager  - Phoenix, AZ","Career Evolutions","PHOENIX","AZ","","24 days ago","2020-04-06T12:00","","","","","https://job-openings.monster.com/account-manager-phoenix-az-phoenix-az-us-career-evolutions/bb0f0db9-e3e8-4ad6-8473-f554345ae3c7"
"Web Developer 2","Choice Hotels","Phoenix","AZ","","+30 days ago","2020-03-23T12:00","","","","","https://job-openings.monster.com/web-developer-2-phoenix-az-us-choice-hotels/a6fbd123-c978-400e-aa19-41569ebd3042"
"Digital Marketing Manager (Social and Pay Per Click)","Ylopo","Phoenix","AZ","85012","+30 days ago","2020-03-06T12:00","","","","","https://job-openings.monster.com/digital-marketing-manager-social-pay-per-click-phoenix-az-us-ylopo/2fe218f8-7281-43f8-87cd-d40cd7abcb7b"
"Digital Marketing Manager","CopperPoint Insurance Companies","Phoenix","AZ","85012","+30 days ago","2020-03-03T12:00","","","","","https://job-openings.monster.com/digital-marketing-manager-phoenix-az-us-copperpoint-insurance-companies/baf8a281-f5e9-4418-aafe-329942cc92e3"
"Wordpress Developer","selfdecode.com","Phoenix","AZ","","+30 days ago","2020-03-03T12:00","","","","","https://job-openings.monster.com/wordpress-developer-phoenix-az-us-selfdecode-com/7462b7fb-a075-4968-9370-65c7248fc2c2"
"software recruiter -  sourcing specialist","Randstad","Phoenix","AZ","","+30 days ago","2020-02-24T12:00","","","","","https://job-openings.monster.com/software-recruiter-sourcing-specialist-phoenix-az-us-randstad/8795bd31-7278-48d7-ae88-d20639d3898c"
"Developer - WEB - jQuery, Javascript, HTML, AJAX, CSS, XML, JSP and XSLT","SMCI","Phoenix","AZ","85003","+30 days ago","2020-02-14T12:00","","","","","https://job-openings.monster.com/developer-web-jquery-javascript-html-ajax-css-xml-jsp-xslt-phoenix-az-us-smci/1ce222fe-c4da-4716-9346-c75f7480f8c2"
"Materials Scientist / Inorganic Chemist","EP Minerals, a U.S. Silica Company","Phoenix","AZ","85029","+30 days ago","2019-09-23T12:00","","","","","https://job-openings.monster.com/materials-scientist-inorganic-chemist-phoenix-az-us-ep-minerals-a-u-s-silica-company/104d52dd-f155-4f0b-8955-4d3e5b73c9ca"
"Client Solutions Representative","Genius Monkey","Tempe","AZ","85281","1 day ago","2020-04-29T12:00","","","","","https://job-openings.monster.com/client-solutions-representative-tempe-az-us-genius-monkey/4c11264b-43e2-4fb0-893f-8ec2184be537"
"Webmaster Digital Media Coordinator","Tempe Union High School District 213","Tempe","AZ","","8 days ago","2020-04-22T12:00","","","","","https://job-openings.monster.com/webmaster-digital-media-coordinator-tempe-az-us-tempe-union-high-school-district-213/8e3c1a5b-a1b5-4d0a-b7e1-e3b43a8b839c"
"Leasing Manager","Redstone Residential","Tempe","AZ","","8 days ago","2020-04-22T12:00","","","","","https://job-openings.monster.com/leasing-manager-tempe-az-us-redstone-residential/12c3aab2-92c4-4b90-b2f3-75b24077c629"
"Videographer / Video Editor","Swift Touch Concept","Phoenix","AZ","85001","10 days ago","2020-04-20T12:00","","","","","https://job-openings.monster.com/videographer-video-editor-phoenix-az-us-swift-touch-concept/e70fb1b0-d4fd-410b-8d34-a054fa9d1522"
"Sr. Principal Splunk Architect","Silicon Valley Bank","Tempe","AZ","","+30 days ago","2020-03-20T12:00","","","","","https://job-openings.monster.com/sr-principal-splunk-architect-tempe-az-us-silicon-valley-bank/e81c9636-32a0-442e-b5f1-508275a0302d"
"Digital Account Sales Representative","TTEC","Tempe","AZ","","+30 days ago","2020-03-16T12:00","","","10,000 employees or more","http://www.ttecjobs.com","https://job-openings.monster.com/digital-account-sales-representative-tempe-az-us-ttec/4adb82e6-3154-461a-a0c4-3e0d202baac2"
"Developer - WEB - jQuery, Javascript, HTML, AJAX, CSS, XML, JSP and XSLT","SMCI","Phoenix","AZ","85003","+30 days ago","2020-02-14T12:00","","","","","https://job-openings.monster.com/developer-web-jquery-javascript-html-ajax-css-xml-jsp-xslt-phoenix-az-us-smci/1ce222fe-c4da-4716-9346-c75f7480f8c2"
"Princ Marketing Analytics Manager","Symantec Corporation","Tempe","AZ","","+30 days ago","2020-01-19T12:00","","","","","https://job-openings.monster.com/princ-marketing-analytics-manager-tempe-az-us-symantec-corporation/1ca7d2d0-e97f-49f4-9736-37d5742ddc8b"
"Digital Media Strategist","BASIS Educational Group","Scottsdale","AZ","85258","+30 days ago","2019-05-20T12:00","","","","","https://job-openings.monster.com/digital-media-strategist-scottsdale-az-us-basis-educational-group/a50c8cbd-8943-4b4e-9d60-47c45f08644a"
"Front-End Web Developer-Scottsdale, Arizona","BIG YAM","Scottsdale","AZ","85260","+30 days ago","2019-05-13T12:00","","","","","https://job-openings.monster.com/front-end-web-developer-scottsdale-arizona-scottsdale-az-us-big-yam/af4785ed-d446-485f-94b0-8de5b3a7f883"
"Marketing & Communication Specialist","Enchantment Resort","Scottsdale","AZ","85251","+30 days ago","2019-05-13T12:00","","","","","https://job-openings.monster.com/marketing-communication-specialist-scottsdale-az-us-enchantment-resort/9d8b00c1-6cec-4471-a6b7-6e75e014f708"
"Associate Demand Generation Manager","Manifest","Scottsdale","AZ","85251","+30 days ago","2019-05-13T12:00","","","","","https://job-openings.monster.com/associate-demand-generation-manager-scottsdale-az-us-manifest/2818d7d8-4d10-4f33-9d1f-6eaeca00111d"
"Database Marketing Analytics Manager","TalentBurst, Inc","Tempe","AZ","","+30 days ago","2019-04-05T12:00","","2002","1,500 to 1,999 employees","http://www.talentburst.com/","https://job-openings.monster.com/database-marketing-analytics-manager-tempe-az-us-talentburst-inc/1ccf26b3-6dc1-40c8-a78b-f371bf71f395"
"Senior Associate Chemist","FUJIFILM","Mesa","AZ","","27 days ago","2020-04-03T12:00","","","","","https://job-openings.monster.com/senior-associate-chemist-mesa-az-us-fujifilm/2d2c9cf1-5a5c-407e-926e-079a1694b68c"
"Product Marketing Manager","Microchip Technology","Chandler","AZ","","+30 days ago","2020-03-12T12:00","","1989","","http://www.microchip.com/","https://job-openings.monster.com/product-marketing-manager-chandler-az-us-microchip-technology/a8196327-489d-4860-b2e9-f7c440f873a6"
"Marketing Intern - 1 - 61 E Univeristy Dr - Mesa, AZ (Mesa, AZ)","The Oak Room","Mesa","AZ","","+30 days ago","2020-02-13T12:00","","","","","https://job-openings.monster.com/marketing-intern-1-61-e-univeristy-dr-mesa-az-mesa-az-mesa-az-us-the-oak-room/46b2ecb1-ff6d-497c-b129-0677bfab1496"
"Lab Support Tester","Intelliswift Software Inc","Chandler","AZ","85226","+30 days ago","2019-09-24T12:00","","","500 to 999 employees","","https://job-openings.monster.com/lab-support-tester-chandler-az-us-intelliswift-software-inc/fbf2ff55-1238-456f-9e40-3dede422c576"
"_Technician: Engineering Laboratory - I","Abacus Service Corporation","Chandler","AZ","85226","+30 days ago","2019-09-24T12:00","","","","","https://job-openings.monster.com/technician-engineering-laboratory-i-chandler-az-us-abacus-service-corporation/9de7d479-b4ca-4d08-b0dc-fecb284f04c3"
"Engineering Laboratory Technician : 18-02704","Akraya, Inc.","Chandler","AZ","85226","+30 days ago","2019-09-23T12:00","","","","","https://job-openings.monster.com/engineering-laboratory-technician-18-02704-chandler-az-us-akraya-inc/1059f1e8-ad4e-47f7-9844-ce4b79468e97"
"SAP Business Planning & Consolidations (BPC - Planning) Consultant","IBM","Phoenix","AZ","","18 days ago","2020-04-12T12:00","","1911","10,000 employees or more","http://www-03.ibm.com/employment/us/","https://job-openings.monster.com/sap-business-planning-consolidations-bpc-planning-consultant-phoenix-az-us-ibm/a84611e6-8396-47cf-843d-161681be94b4"
"Engineering Team Lead","Carvana","Phoenix","AZ","","+30 days ago","2019-05-27T12:00","","","","","https://job-openings.monster.com/engineering-team-lead-phoenix-az-us-carvana/69e8c5d3-7073-4741-8511-333a572c942a"
"Online Marketing Sales Representative","TTEC","Tempe","AZ","","+30 days ago","2020-03-15T12:00","","","10,000 employees or more","http://www.ttecjobs.com","https://job-openings.monster.com/online-marketing-sales-representative-tempe-az-us-ttec/f6f1b5cd-d272-4ea9-baae-97116639a652"
"Wordpress Developer","selfdecode.com","Surprise","AZ","","+30 days ago","2020-03-03T12:00","","","","","https://job-openings.monster.com/wordpress-developer-surprise-az-us-selfdecode-com/b3c0e38d-f3e1-4949-a445-5afd687a374e"
"Web Security Analyst","CyberCoders","Scottsdale","AZ","","+30 days ago","2020-02-19T12:00","","1999","100 to 499 employees","http://www.cybercoders.com","https://job-openings.monster.com/web-security-analyst-scottsdale-az-us-cybercoders/2a8176ce-719a-4b0d-92f2-13f43aaabbc8"
"Developmental Chemist","FUJIFILM","Mesa","AZ","","+30 days ago","2020-01-10T12:00","","","","","https://job-openings.monster.com/developmental-chemist-mesa-az-us-fujifilm/fc9bbffe-f9ec-4c42-94a7-f902303a4677"
"Data Scientist","IBM","Phoenix","AZ","","+30 days ago","2020-02-19T12:00","","1911","10,000 employees or more","http://www-03.ibm.com/employment/us/","https://job-openings.monster.com/data-scientist-phoenix-az-us-ibm/e709dd1c-ee72-4cad-82d5-d0ab89de3360"
"2020 Intern - IBM Marketing Professional","IBM","Phoenix","AZ","","+30 days ago","2020-02-19T12:00","","1911","10,000 employees or more","http://www-03.ibm.com/employment/us/","https://job-openings.monster.com/2020-intern-ibm-marketing-professional-phoenix-az-us-ibm/41cce56b-229e-4374-99a2-2658dacac836"
"Information Developer/Technical Writer","IBM","Phoenix","AZ","","+30 days ago","2020-02-19T12:00","","1911","10,000 employees or more","http://www-03.ibm.com/employment/us/","https://job-openings.monster.com/information-developer-technical-writer-phoenix-az-us-ibm/151643fa-2269-4c0e-8697-1d51106b8419"
"Clinician - Stapley","Terros Health","Mesa","AZ","85024","6 days ago","2020-04-24T12:00","","","","","https://job-openings.monster.com/clinician-stapley-mesa-az-us-terros-health/c58be74a-e981-4847-9e03-256ace980945"
"Clinician - Broadway","Terros Health","Tempe","AZ","85280","+30 days ago","2019-05-20T12:00","","","","","https://job-openings.monster.com/clinician-broadway-tempe-az-us-terros-health/2505175b-2bd6-41b6-91d6-7bcdf7f57b78"
"Behavioral Health Tech -BTG Complex Care","Terros Health","Phoenix","AZ","85001","+30 days ago","2019-05-20T12:00","","","","","https://job-openings.monster.com/behavioral-health-tech-btg-complex-care-phoenix-az-us-terros-health/bd150af4-408a-4056-ad28-2f9abd72b0de"
"Clinician - McDowell Road","Terros Health","Phoenix","AZ","85001","+30 days ago","2019-05-20T12:00","","","","","https://job-openings.monster.com/clinician-mcdowell-road-phoenix-az-us-terros-health/04f9c228-3d83-4850-b85b-ef1f4683cdd4"
"Accounts Payable Coordinator","Terros Health","Phoenix","AZ","85001","+30 days ago","2019-05-13T12:00","","","","","https://job-openings.monster.com/accounts-payable-coordinator-phoenix-az-us-terros-health/0cb0c28c-35e4-47e3-a150-c1ceef0190c0"
"Behavioral Health Tech -BTG Complex Care","Terros Health","Phoenix","AZ","85001","+30 days ago","2019-04-16T12:00","","","","","https://job-openings.monster.com/behavioral-health-tech-btg-complex-care-phoenix-az-us-terros-health/7338a831-c90b-45f2-9c1d-5a5d1ef8545c"
"Behavioral Health Technician - CLP","Terros Health","Phoenix","AZ","85001","+30 days ago","2019-03-11T12:00","","","","","https://job-openings.monster.com/behavioral-health-technician-clp-phoenix-az-us-terros-health/76174ff5-4645-4052-9524-55a68398a3d4"
"Clinician - 27th Ave","Terros Health","Phoenix","AZ","85001","+30 days ago","2019-01-30T12:00","","","","","https://job-openings.monster.com/clinician-27th-ave-phoenix-az-us-terros-health/a41ed0a4-2ad7-4bff-b1d1-82bb42185947"
"Clinician - Olive Ave","Terros Health","Glendale","AZ","85302","14 days ago","2020-04-16T12:00","","","","","https://job-openings.monster.com/clinician-olive-ave-glendale-az-us-terros-health/709ef34c-1c52-469f-922c-dd6223f613e0"
"Clinician - Olive Ave","Terros Health","Glendale","AZ","85301","+30 days ago","2019-05-13T12:00","","","","","https://job-openings.monster.com/clinician-olive-ave-glendale-az-us-terros-health/d5e72473-cc6d-4b72-a8e4-0bcbe1938b12"
